val_loss,epoch,step
0.6967872381210327,0,3
0.6928292512893677,1,7
