val_loss,epoch,step
0.4739512503147125,0,0
0.4739020764827728,1,1
0.4738706648349762,2,2
